"trait","scenario","slope","R2"
"spawn","RCP 2.6",0.0538629106860433,0.153066856874868
"spawn","RCP 6.0",0.145056847005461,0.655543232979949
"spawn","RCP 8.5",0.228827847572439,0.814436098451754
"hatch","RCP 2.6",-0.00711447512631744,0.00659735825517204
"hatch","RCP 6.0",-0.0576199673963666,0.28188813270269
"hatch","RCP 8.5",-0.137395900341731,0.635900599143902
"dpf","RCP 2.6",-0.0609773858123609,0.156900286950764
"dpf","RCP 6.0",-0.202676814401828,0.721291551028449
"dpf","RCP 8.5",-0.36622374791417,0.881113877826148
